timestamp,price,rsi
2024-10-27 21:55:04,67772.22,58.12
2024-10-27 21:56:05,67772.22,49.66
2024-10-27 21:57:06,67767.28,64.84
2024-10-27 21:58:07,67767.28,64.84
2024-10-27 21:59:06,67767.28,48.18
2024-10-27 22:00:06,67767.28,50.49
2024-10-27 22:01:08,67758.77,48.41
2024-10-27 22:02:08,67758.77,84.99
2024-10-27 22:03:10,67659.78,46.14
2024-10-27 22:04:11,67659.78,46.46
2024-10-27 22:05:10,67730.65,38.1
2024-10-27 22:06:11,67730.09,37.99
2024-10-27 22:07:13,67730.09,38.38
2024-10-27 22:08:15,67730.09,38.54
2024-10-27 22:09:13,67730.09,38.54
2024-10-27 22:10:12,67761.23,47.44
2024-10-27 22:11:12,67761.23,48.56
2024-10-27 22:12:14,67755.32,47.23
2024-10-27 22:13:15,67755.32,47.23
2024-10-27 22:14:16,67755.32,47.23
2024-10-27 22:15:17,67755.32,49.17
2024-10-27 22:16:16,67755.32,49.17
2024-10-27 22:17:15,67755.32,94.04
2024-10-27 22:18:17,67755.32,94.04
2024-10-27 22:19:15,67755.32,82.8
2024-10-27 22:20:16,67741.36,61.05
2024-10-27 22:21:17,67712.45,38.96
2024-10-27 22:22:16,67712.45,38.96
2024-10-27 22:23:16,67712.45,38.96
2024-10-27 22:24:17,67712.45,0.0
2024-10-27 22:25:16,67701.97,0.0
2024-10-27 22:26:17,67701.97,0.0
2024-10-27 22:27:18,67729.89,34.35
2024-10-27 22:28:19,67787.45,61.57
2024-10-27 22:29:17,67787.44,61.57
2024-10-27 22:30:17,67824.13,69.6
2024-10-27 22:31:16,67815.09,66.19
2024-10-27 22:32:17,67815.08,66.19
2024-10-27 22:33:19,67792.66,59.02
2024-10-27 22:34:19,67792.66,63.29
2024-10-27 22:35:20,67792.66,74.43
2024-10-27 22:36:20,67792.66,74.43
2024-10-27 22:37:22,67773.07,66.5
2024-10-27 22:38:23,67773.07,66.5
2024-10-27 22:39:24,67773.07,70.52
2024-10-27 22:40:26,67786.99,72.71
2024-10-27 22:41:26,67786.99,67.93
2024-10-27 22:42:27,67712.95,28.8
2024-10-27 22:43:29,67712.95,28.8
2024-10-27 22:44:30,67696.73,8.97
2024-10-27 22:45:29,67664.74,7.81
2024-10-27 22:46:30,67664.74,7.81
2024-10-27 22:47:31,67664.74,8.94
2024-10-27 22:48:31,67759.62,43.41
2024-10-27 22:49:32,67759.62,43.41
2024-10-27 22:50:32,67689.23,33.89
2024-10-27 22:51:31,67689.23,36.09
2024-10-27 22:52:32,67771.92,49.85
2024-10-27 22:53:30,67771.92,49.85
2024-10-27 22:54:30,67696.64,39.86
2024-10-27 22:55:30,67696.64,39.86
2024-10-27 22:56:31,67787.52,58.06
2024-10-27 22:57:30,67699.22,48.75
2024-10-27 22:58:32,67787.42,57.28
2024-10-27 22:59:34,67687.21,51.63
2024-10-27 23:00:32,67771.08,56.86
2024-10-27 23:01:34,67771.08,56.86
2024-10-27 23:02:34,67771.08,50.84
2024-10-27 23:03:34,67771.07,50.84
2024-10-27 23:04:36,67771.06,56.71
2024-10-27 23:05:35,67753.81,55.15
2024-10-27 23:06:35,67753.81,48.34
2024-10-27 23:07:33,67753.81,48.34
2024-10-27 23:08:34,67753.81,56.1
2024-10-27 23:09:32,67753.81,56.1
2024-10-27 23:10:34,67753.81,45.54
2024-10-27 23:11:35,67893.3,72.62
2024-10-27 23:12:37,67893.33,65.54
2024-10-27 23:13:38,67899.96,93.02
2024-10-27 23:14:38,67899.96,89.43
2024-10-27 23:15:38,67899.96,89.43
2024-10-27 23:16:38,67777.79,51.17
2024-10-27 23:17:38,67777.79,51.18
2024-10-27 23:18:36,67777.79,51.18
2024-10-27 23:19:35,67777.89,54.49
2024-10-27 23:20:35,67884.55,67.43
2024-10-27 23:21:34,67899.99,68.72
2024-10-27 23:22:35,67899.99,68.72
2024-10-27 23:23:33,67899.99,68.72
2024-10-27 23:24:34,67900.0,68.72
2024-10-27 23:25:34,67900.0,51.33
2024-10-27 23:26:35,67899.99,51.33
2024-10-27 23:27:37,67899.99,50.01
2024-10-27 23:28:37,67900.0,50.01
2024-10-27 23:29:38,67775.7,33.15
2024-10-27 23:30:39,67775.69,49.57
2024-10-27 23:31:39,67779.6,50.36
2024-10-27 23:32:39,67899.97,66.47
2024-10-27 23:33:37,67888.12,64.41
2024-10-27 23:34:39,67775.75,35.99
2024-10-27 23:35:40,67775.76,33.34
2024-10-27 23:36:41,67775.76,33.34
2024-10-27 23:37:42,67775.76,33.34
2024-10-27 23:38:42,67775.75,33.34
2024-10-27 23:39:44,67753.81,31.49
2024-10-27 23:40:45,67753.81,31.49
2024-10-27 23:41:46,67753.81,31.49
2024-10-27 23:42:45,67870.69,47.14
2024-10-27 23:43:44,67870.69,62.26
2024-10-27 23:44:44,67753.81,47.83
2024-10-27 23:45:47,67753.81,47.42
2024-10-27 23:46:48,67753.81,30.77
2024-10-27 23:47:50,67837.36,44.38
2024-10-27 23:48:51,67727.58,44.64
2024-10-27 23:49:52,67720.27,43.92
2024-10-27 23:50:53,67720.27,43.92
2024-10-27 23:51:55,67688.0,41.02
2024-10-27 23:52:56,67688.0,41.02
2024-10-27 23:53:57,67688.0,42.95
2024-10-27 23:54:56,67688.0,42.95
2024-10-27 23:55:55,67784.94,52.76
2024-10-27 23:56:55,67688.0,33.2
2024-10-27 23:57:53,67769.35,41.89
2024-10-27 23:58:55,67769.35,51.53
2024-10-27 23:59:54,67769.35,51.53
2024-10-28 00:00:54,67766.99,51.29
2024-10-28 00:01:56,67764.3,41.5
2024-10-28 00:02:57,67764.3,55.74
2024-10-28 00:03:58,67764.3,57.04
2024-10-28 00:04:57,67764.3,57.04
2024-10-28 00:05:59,67764.3,63.61
2024-10-28 00:06:58,67763.12,63.34
2024-10-28 00:07:59,67656.65,45.96
2024-10-28 00:09:01,67763.1,57.6
2024-10-28 00:10:02,67763.1,47.25
2024-10-28 00:11:02,67661.15,46.66
2024-10-28 00:12:02,67763.09,49.26
2024-10-28 00:13:04,67762.84,49.23
2024-10-28 00:14:04,67762.62,49.21
2024-10-28 00:15:05,67798.65,53.46
2024-10-28 00:16:06,67762.62,49.83
2024-10-28 00:17:07,67762.62,49.83
2024-10-28 00:18:07,67762.62,49.83
2024-10-28 00:19:07,67795.51,52.98
2024-10-28 00:20:08,67794.01,52.83
2024-10-28 00:21:06,67740.78,48.06
2024-10-28 00:22:06,67740.78,58.94
2024-10-28 00:23:05,67740.78,46.93
2024-10-28 00:24:06,67740.78,46.93
2024-10-28 00:25:08,67740.78,65.19
2024-10-28 00:26:08,67610.13,23.7
2024-10-28 00:27:08,67610.15,23.73
2024-10-28 00:28:07,67610.15,23.74
2024-10-28 00:29:09,67610.18,12.95
2024-10-28 00:30:09,67727.46,44.76
2024-10-28 00:31:07,67609.57,33.13
2024-10-28 00:32:06,67725.83,46.77
2024-10-28 00:33:08,67725.54,43.49
2024-10-28 00:34:08,67725.54,43.61
2024-10-28 00:35:08,67721.93,48.06
2024-10-28 00:36:08,67721.93,48.06
2024-10-28 00:37:07,67720.24,47.89
2024-10-28 00:38:08,67720.24,47.89
2024-10-28 00:39:09,67720.24,47.89
2024-10-28 00:40:08,67720.24,65.42
2024-10-28 00:41:09,67604.81,49.43
2024-10-28 00:42:10,67604.81,49.43
2024-10-28 00:43:12,67604.81,49.43
2024-10-28 00:44:13,67700.51,47.01
2024-10-28 00:45:14,67699.44,63.45
2024-10-28 00:46:13,67698.94,43.84
2024-10-28 00:47:12,67698.94,43.9
2024-10-28 00:48:11,67605.04,30.68
2024-10-28 00:49:11,67698.43,47.07
2024-10-28 00:50:13,67714.85,49.15
2024-10-28 00:51:15,67744.65,52.74
2024-10-28 00:52:16,67744.65,52.74
2024-10-28 00:53:18,67744.65,52.74
2024-10-28 00:54:16,67744.47,52.71
2024-10-28 00:55:15,67763.4,72.66
2024-10-28 00:56:15,67763.4,72.66
2024-10-28 00:57:13,67763.4,72.66
2024-10-28 00:58:15,67763.4,62.37
2024-10-28 00:59:13,67763.4,62.63
2024-10-28 01:00:14,67763.4,62.76
2024-10-28 01:01:12,67771.38,63.9
2024-10-28 01:02:13,67771.38,99.89
2024-10-28 01:03:11,67769.34,97.05
2024-10-28 01:04:10,67769.34,96.23
2024-10-28 01:05:11,67768.18,88.84
2024-10-28 01:06:10,67768.18,88.84
2024-10-28 01:07:10,67766.78,84.92
2024-10-28 01:08:09,67766.78,85.4
2024-10-28 01:09:10,67766.78,63.43
2024-10-28 01:10:10,67766.78,63.43
2024-10-28 01:11:11,67664.62,6.95
2024-10-28 01:12:13,67664.62,6.95
2024-10-28 01:13:13,67753.33,47.53
2024-10-28 01:14:14,67753.33,47.53
2024-10-28 01:15:14,67753.33,45.38
2024-10-28 01:16:13,67664.62,31.22
2024-10-28 01:17:13,67664.62,31.44
2024-10-28 01:18:11,67664.62,31.44
2024-10-28 01:19:10,67664.62,31.57
2024-10-28 01:20:11,67664.62,31.57
2024-10-28 01:21:11,67664.62,31.73
2024-10-28 01:22:11,67664.62,31.73
2024-10-28 01:23:10,67664.62,31.73
2024-10-28 01:24:09,67664.62,31.73
2024-10-28 01:25:09,67664.62,50.0
2024-10-28 01:26:08,67732.26,63.8
2024-10-28 01:27:10,67732.26,43.26
2024-10-28 01:28:09,67732.26,43.26
2024-10-28 01:29:09,67732.26,43.26
2024-10-28 01:30:08,67725.92,91.43
2024-10-28 01:31:10,67653.34,46.15
2024-10-28 01:32:11,67613.62,36.31
2024-10-28 01:33:11,67613.62,36.31
2024-10-28 01:34:12,67613.62,36.31
2024-10-28 01:35:11,67602.81,34.32
2024-10-28 01:36:09,67602.81,34.32
2024-10-28 01:37:10,67736.78,60.9
2024-10-28 01:38:10,67792.72,66.55
2024-10-28 01:39:11,67661.47,49.7
2024-10-28 01:40:12,67778.54,54.08
2024-10-28 01:41:12,67778.54,54.08
2024-10-28 01:42:11,67777.67,53.99
2024-10-28 01:43:13,67662.15,44.88
2024-10-28 01:44:14,67777.3,53.24
2024-10-28 01:45:15,67770.48,58.06
2024-10-28 01:46:14,67765.09,60.93
2024-10-28 01:47:14,67663.0,53.11
2024-10-28 01:48:16,67765.05,58.44
2024-10-28 01:49:17,67778.37,59.76
2024-10-28 01:50:19,67778.37,59.76
2024-10-28 01:51:20,67778.37,52.72
2024-10-28 01:52:20,67778.37,48.99
2024-10-28 01:53:22,67900.0,67.04
2024-10-28 01:54:21,67900.0,60.42
2024-10-28 01:55:19,67899.99,60.42
2024-10-28 01:56:20,67782.5,50.35
2024-10-28 01:57:18,67782.5,60.3
2024-10-28 01:58:18,67782.5,50.55
2024-10-28 01:59:20,67782.5,51.3
2024-10-28 02:00:21,67899.98,61.75
2024-10-28 02:01:20,67899.98,75.1
2024-10-28 02:02:20,67782.5,51.79
2024-10-28 02:03:20,67782.5,50.44
2024-10-28 02:04:20,67782.5,50.44
2024-10-28 02:05:19,67782.5,50.44
2024-10-28 02:06:20,67767.42,48.88
2024-10-28 02:07:19,67767.42,31.96
2024-10-28 02:08:18,67767.46,31.97
2024-10-28 02:09:16,67767.46,31.97
2024-10-28 02:10:16,67886.93,64.13
2024-10-28 02:11:17,67767.86,48.5
2024-10-28 02:12:19,67881.53,58.22
2024-10-28 02:13:17,67881.53,58.22
2024-10-28 02:14:17,67881.53,48.1
2024-10-28 02:15:18,67768.41,39.0
2024-10-28 02:16:16,67768.41,48.53
2024-10-28 02:17:18,67768.41,48.53
2024-10-28 02:18:17,67768.84,48.58
2024-10-28 02:19:17,67768.84,48.58
2024-10-28 02:20:15,67768.84,50.15
2024-10-28 02:21:14,67768.84,50.15
2024-10-28 02:22:12,67768.84,50.15
2024-10-28 02:23:12,67768.84,50.15
2024-10-28 02:24:11,67768.84,32.95
2024-10-28 02:25:09,67768.84,50.22
2024-10-28 02:26:10,67879.26,49.49
2024-10-28 02:27:09,67878.99,49.43
2024-10-28 02:28:09,67878.99,49.43
2024-10-28 02:29:10,67878.99,99.76
2024-10-28 02:30:12,67768.92,50.12
2024-10-28 02:31:13,67875.19,66.3
2024-10-28 02:32:13,67768.84,50.0
2024-10-28 02:33:15,67768.84,50.0
2024-10-28 02:34:16,67768.85,50.0
2024-10-28 02:35:16,67768.85,50.0
2024-10-28 02:36:16,67768.85,50.0
2024-10-28 02:37:16,67768.85,50.0
2024-10-28 02:38:15,67768.85,50.0
2024-10-28 02:39:16,67871.32,59.56
2024-10-28 02:40:15,67871.16,49.05
2024-10-28 02:41:16,67871.16,49.08
2024-10-28 02:42:18,67871.16,49.08
2024-10-28 02:43:19,67871.16,49.08
2024-10-28 02:44:20,67871.16,66.22
2024-10-28 02:45:21,67875.8,50.14
2024-10-28 02:46:20,67875.79,99.84
2024-10-28 02:47:19,67875.79,99.84
2024-10-28 02:48:20,67875.79,99.84
2024-10-28 02:49:20,67784.48,53.94
2024-10-28 02:50:21,67784.48,53.94
2024-10-28 02:51:21,67784.48,53.94
2024-10-28 02:52:22,67800.09,57.29
2024-10-28 02:53:22,67800.09,18.12
2024-10-28 02:54:23,67800.09,18.15
2024-10-28 02:55:24,67883.39,53.14
2024-10-28 02:56:24,67883.4,53.14
2024-10-28 02:57:25,67899.98,56.81
2024-10-28 02:58:27,67899.98,56.81
2024-10-28 02:59:29,67832.73,42.14
2024-10-28 03:00:28,67900.0,53.55
2024-10-28 03:01:29,67900.0,53.55
2024-10-28 03:02:27,67949.53,59.43
2024-10-28 03:03:27,67982.29,79.76
2024-10-28 03:04:26,67893.59,62.96
2024-10-28 03:05:27,67893.59,62.96
2024-10-28 03:06:26,67893.59,61.53
2024-10-28 03:07:25,67893.59,61.53
2024-10-28 03:08:23,67906.38,62.71
2024-10-28 03:09:25,68010.43,64.47
2024-10-28 03:10:26,68051.07,67.48
2024-10-28 03:11:27,68097.08,69.36
2024-10-28 03:12:25,68135.22,71.5
2024-10-28 03:13:25,68187.83,83.34
2024-10-28 03:14:25,68299.02,84.61
2024-10-28 03:15:25,68301.41,84.68
2024-10-28 03:16:25,68390.98,85.67
2024-10-28 03:17:27,68390.98,84.87
2024-10-28 03:18:28,68391.08,100.0
2024-10-28 03:19:27,68433.86,100.0
2024-10-28 03:20:26,68433.92,100.0
2024-10-28 03:21:27,68434.57,100.0
2024-10-28 03:22:28,68562.65,100.0
2024-10-28 03:23:29,68562.65,100.0
2024-10-28 03:24:30,68600.67,100.0
2024-10-28 03:25:30,68609.01,100.0
2024-10-28 03:26:30,68482.63,78.94
2024-10-28 03:27:29,68482.65,76.92
2024-10-28 03:28:29,68482.65,71.04
2024-10-28 03:29:29,68482.65,70.88
2024-10-28 03:30:29,68482.65,63.31
2024-10-28 03:31:28,68482.72,63.31
2024-10-28 03:32:29,68482.72,63.3
2024-10-28 03:33:31,68435.7,50.26
2024-10-28 03:34:29,68348.56,40.2
2024-10-28 03:35:29,68545.0,58.74
2024-10-28 03:36:31,68545.0,48.25
2024-10-28 03:37:32,68571.93,50.87
2024-10-28 03:38:33,68561.35,46.09
2024-10-28 03:39:34,68561.35,45.18
2024-10-28 03:40:33,68561.35,60.69
2024-10-28 03:41:33,68561.35,60.69
2024-10-28 03:42:31,68513.07,53.65
2024-10-28 03:43:33,68513.07,53.65
2024-10-28 03:44:32,68480.31,49.74
2024-10-28 03:45:31,68480.31,49.73
2024-10-28 03:46:30,68311.55,36.15
2024-10-28 03:47:30,68311.84,39.16
2024-10-28 03:48:29,68311.84,46.21
2024-10-28 03:49:30,68459.94,40.24
2024-10-28 03:50:30,68459.97,40.24
2024-10-28 03:51:31,68459.93,36.3
2024-10-28 03:52:33,68459.93,37.27
2024-10-28 03:53:32,68312.57,27.2
2024-10-28 03:54:34,68312.57,27.2
2024-10-28 03:55:34,68459.54,42.65
2024-10-28 03:56:33,68459.36,45.83
2024-10-28 03:57:34,68459.36,45.83
2024-10-28 03:58:34,68459.36,48.29
2024-10-28 03:59:35,68459.36,48.29
2024-10-28 04:00:37,68459.36,66.68
2024-10-28 04:01:37,68459.36,66.66
2024-10-28 04:02:36,68455.0,66.01
2024-10-28 04:03:36,68455.0,49.17
2024-10-28 04:04:37,68455.0,49.17
2024-10-28 04:05:37,68455.0,49.18
2024-10-28 04:06:36,68455.0,49.18
2024-10-28 04:07:35,68455.0,97.0
2024-10-28 04:08:34,68432.87,84.64
2024-10-28 04:09:33,68432.87,0.0
2024-10-28 04:10:31,68432.87,0.0
2024-10-28 04:11:32,68323.38,0.0
2024-10-28 04:12:32,68323.38,0.0
2024-10-28 04:13:32,68443.2,46.84
2024-10-28 04:14:31,68443.2,46.84
2024-10-28 04:15:30,68459.97,50.11
2024-10-28 04:16:28,68459.97,50.93
2024-10-28 04:17:27,68459.97,50.93
2024-10-28 04:18:27,68444.14,48.09
2024-10-28 04:19:28,68444.14,48.09
2024-10-28 04:20:27,68430.53,45.89
2024-10-28 04:21:25,68430.53,45.89
2024-10-28 04:22:26,68430.53,49.58
2024-10-28 04:23:25,68374.8,41.23
2024-10-28 04:24:24,68374.8,41.23
2024-10-28 04:25:25,68374.8,61.59
2024-10-28 04:26:26,68374.8,61.59
2024-10-28 04:27:26,68374.8,16.45
2024-10-28 04:28:25,68374.8,16.45
2024-10-28 04:29:23,68374.8,0.0
2024-10-28 04:30:24,68434.09,41.04
2024-10-28 04:31:24,68433.36,40.84
2024-10-28 04:32:24,68433.36,45.83
2024-10-28 04:33:25,68431.91,45.33
2024-10-28 04:34:27,68431.91,50.59
2024-10-28 04:35:26,68431.91,50.59
2024-10-28 04:36:25,68431.91,50.59
2024-10-28 04:37:25,68403.34,65.85
2024-10-28 04:38:26,68403.34,65.85
2024-10-28 04:39:27,68403.34,65.85
2024-10-28 04:40:28,68403.34,65.85
2024-10-28 04:41:29,68403.34,65.85
2024-10-28 04:42:31,68403.34,65.85
2024-10-28 04:43:32,68403.34,65.85
2024-10-28 04:44:34,68403.34,0.0
2024-10-28 04:45:36,68403.34,0.0
2024-10-28 04:46:36,68403.34,0.0
2024-10-28 04:47:38,68403.34,0.0
2024-10-28 04:48:39,68403.34,0.0
2024-10-28 04:49:39,68403.34,0.0
2024-10-28 04:50:38,68403.34,0.0
2024-10-28 04:51:38,68403.34,100.0
2024-10-28 04:52:40,68379.13,0.0
2024-10-28 04:53:41,68379.13,0.0
2024-10-28 04:54:42,68379.13,0.0
2024-10-28 04:55:42,68379.13,0.0
2024-10-28 04:56:44,68379.13,0.0
2024-10-28 04:57:46,68280.78,0.0
2024-10-28 04:58:45,68373.91,43.18
2024-10-28 04:59:44,68373.91,43.18
2024-10-28 05:00:44,68372.18,42.83
2024-10-28 05:01:43,68280.97,30.18
2024-10-28 05:02:42,68351.9,43.22
2024-10-28 05:03:40,68351.9,43.22
2024-10-28 05:04:41,68349.35,42.94
2024-10-28 05:05:43,68348.9,42.88
2024-10-28 05:06:43,68348.37,45.71
2024-10-28 05:07:41,68347.77,45.64
2024-10-28 05:08:40,68347.82,45.65
2024-10-28 05:09:40,68347.83,45.65
2024-10-28 05:10:38,68347.83,45.65
2024-10-28 05:11:40,68451.59,73.4
2024-10-28 05:12:42,68451.15,64.18
2024-10-28 05:13:42,68350.0,46.8
2024-10-28 05:14:41,68402.84,53.61
2024-10-28 05:15:40,68402.84,68.28
2024-10-28 05:16:41,68287.41,41.47
2024-10-28 05:17:42,68287.41,41.47
2024-10-28 05:18:41,68287.47,41.76
2024-10-28 05:19:41,68287.47,41.81
2024-10-28 05:20:39,68287.73,41.91
2024-10-28 05:21:38,68287.76,41.98
2024-10-28 05:22:37,68287.76,41.97
2024-10-28 05:23:37,68287.76,41.97
2024-10-28 05:24:36,68277.54,40.85
2024-10-28 05:25:35,68277.54,18.97
2024-10-28 05:26:36,68277.54,19.0
2024-10-28 05:27:37,68277.54,29.74
2024-10-28 05:28:37,68277.54,0.28
2024-10-28 05:29:36,68277.54,0.28
2024-10-28 05:30:38,68241.9,0.76
2024-10-28 05:31:40,68241.9,0.76
2024-10-28 05:32:39,68314.72,61.45
2024-10-28 05:33:41,68226.0,35.2
2024-10-28 05:34:42,68192.58,30.25
2024-10-28 05:35:41,68192.58,30.24
2024-10-28 05:36:40,68192.58,30.24
2024-10-28 05:37:38,68192.58,30.24
2024-10-28 05:38:39,68192.58,31.58
2024-10-28 05:39:39,68192.58,31.58
2024-10-28 05:40:40,68305.24,54.03
2024-10-28 05:41:41,68305.24,54.03
2024-10-28 05:42:40,68305.24,54.03
2024-10-28 05:43:40,68303.49,53.76
2024-10-28 05:44:39,68303.49,59.95
2024-10-28 05:45:38,68212.02,46.27
2024-10-28 05:46:38,68332.33,51.96
2024-10-28 05:47:37,68332.33,64.78
2024-10-28 05:48:38,68332.33,71.42
2024-10-28 05:49:40,68332.36,71.42
2024-10-28 05:50:39,68332.36,71.42
2024-10-28 05:51:38,68410.61,76.95
2024-10-28 05:52:37,68459.97,79.46
2024-10-28 05:53:38,68501.13,81.17
2024-10-28 05:54:37,68506.29,75.94
2024-10-28 05:55:36,68550.2,78.39
2024-10-28 05:56:36,68582.21,79.88
2024-10-28 05:57:37,68550.18,74.98
2024-10-28 05:58:35,68550.18,74.98
2024-10-28 05:59:36,68395.37,66.46
2024-10-28 06:00:36,68550.18,68.41
2024-10-28 06:01:36,68550.18,68.41
2024-10-28 06:02:36,68550.18,68.41
2024-10-28 06:03:35,68550.2,68.41
2024-10-28 06:04:36,68550.2,68.41
2024-10-28 06:05:35,68409.68,49.93
2024-10-28 06:06:33,68409.68,45.84
2024-10-28 06:07:33,68550.2,53.49
2024-10-28 06:08:33,68550.2,53.14
2024-10-28 06:09:33,68550.2,50.0
2024-10-28 06:10:32,68550.2,47.43
2024-10-28 06:11:31,68550.2,50.0
2024-10-28 06:12:32,68550.2,50.0
2024-10-28 06:13:33,68550.2,67.76
2024-10-28 06:14:34,68550.2,50.0
2024-10-28 06:15:36,68540.22,48.29
2024-10-28 06:16:39,68550.2,50.0
2024-10-28 06:17:37,68550.2,50.0
2024-10-28 06:18:35,68550.2,50.0
2024-10-28 06:19:37,68550.2,93.78
2024-10-28 06:20:36,68550.2,93.78
2024-10-28 06:21:35,68550.2,50.0
2024-10-28 06:22:35,68550.2,50.0
2024-10-28 06:23:34,68446.81,8.09
2024-10-28 06:24:36,68446.81,8.09
2024-10-28 06:25:37,68550.2,50.0
2024-10-28 06:26:39,68498.6,40.73
2024-10-28 06:27:40,68498.6,40.73
2024-10-28 06:28:41,68500.34,41.1
2024-10-28 06:29:40,68587.58,56.63
2024-10-28 06:30:38,68517.16,46.05
2024-10-28 06:31:37,68524.13,46.93
2024-10-28 06:32:39,68622.95,56.95
2024-10-28 06:33:39,68525.32,48.0
2024-10-28 06:34:39,68525.32,48.0
2024-10-28 06:35:39,68633.98,55.74
2024-10-28 06:36:39,68550.22,50.0
2024-10-28 06:37:41,68550.22,57.28
2024-10-28 06:38:43,68550.32,57.29
2024-10-28 06:39:42,68559.44,50.75
2024-10-28 06:40:43,68798.02,68.64
2024-10-28 06:41:44,68633.59,56.98
2024-10-28 06:42:45,68633.05,56.87
2024-10-28 06:43:44,68633.08,52.59
2024-10-28 06:44:45,68633.08,57.17
2024-10-28 06:45:44,68633.15,56.8
2024-10-28 06:46:46,68778.75,59.18
2024-10-28 06:47:44,68633.15,56.01
2024-10-28 06:48:43,68609.45,54.57
2024-10-28 06:49:43,68609.45,48.49
2024-10-28 06:50:43,68609.45,54.07
2024-10-28 06:51:43,68609.45,54.07
2024-10-28 06:52:45,68609.45,54.06
2024-10-28 06:53:43,68609.45,53.48
2024-10-28 06:54:42,68541.48,26.59
2024-10-28 06:55:43,68541.48,37.99
2024-10-28 06:56:43,68541.48,38.04
2024-10-28 06:57:43,68569.51,42.27
2024-10-28 06:58:42,68541.86,39.6
2024-10-28 06:59:41,68541.86,39.59
2024-10-28 07:00:43,68541.87,9.57
2024-10-28 07:01:43,68541.87,19.03
2024-10-28 07:02:41,68541.87,22.68
2024-10-28 07:03:43,68504.84,17.45
2024-10-28 07:04:42,68473.24,14.58
2024-10-28 07:05:42,68473.24,14.58
2024-10-28 07:06:41,68473.24,14.58
2024-10-28 07:07:42,68473.24,14.58
2024-10-28 07:08:41,68473.24,22.55
2024-10-28 07:09:40,68473.24,22.55
2024-10-28 07:10:41,68473.24,22.55
2024-10-28 07:11:39,68613.78,59.35
2024-10-28 07:12:41,68613.78,67.19
2024-10-28 07:13:42,68651.78,72.23
2024-10-28 07:14:41,68651.78,72.23
2024-10-28 07:15:40,68651.78,72.23
2024-10-28 07:16:39,68524.39,47.67
2024-10-28 07:17:40,68509.76,50.7
2024-10-28 07:18:40,68509.76,55.7
2024-10-28 07:19:40,68509.76,55.7
2024-10-28 07:20:41,68509.77,55.7
2024-10-28 07:21:41,68509.81,55.7
2024-10-28 07:22:40,68510.42,55.79
2024-10-28 07:23:39,68510.96,55.86
2024-10-28 07:24:40,68629.38,67.74
2024-10-28 07:25:39,68629.38,52.6
2024-10-28 07:26:40,68614.4,50.1
2024-10-28 07:27:41,68690.09,55.44
2024-10-28 07:28:43,68711.83,58.03
2024-10-28 07:29:41,68711.83,58.03
2024-10-28 07:30:43,68711.83,88.0
2024-10-28 07:31:45,68711.83,93.54
2024-10-28 07:32:44,68711.83,93.54
2024-10-28 07:33:46,68711.84,93.54
2024-10-28 07:34:46,68711.84,93.54
2024-10-28 07:35:47,68711.84,93.54
2024-10-28 07:36:48,68711.85,93.53
2024-10-28 07:37:49,68680.62,82.37
2024-10-28 07:38:49,68680.62,67.83
2024-10-28 07:39:48,68680.62,67.83
2024-10-28 07:40:48,68627.64,53.64
2024-10-28 07:41:48,68627.64,20.53
2024-10-28 07:42:48,68627.64,0.02
2024-10-28 07:43:48,68627.95,0.39
2024-10-28 07:44:48,68627.95,0.39
2024-10-28 07:45:49,68627.95,0.39
2024-10-28 07:46:48,68627.95,0.39
2024-10-28 07:47:47,68627.95,0.38
2024-10-28 07:48:49,68627.95,0.38
2024-10-28 07:49:48,68627.95,0.38
2024-10-28 07:50:46,68646.09,17.97
2024-10-28 07:51:48,68646.09,25.83
2024-10-28 07:52:46,68646.09,25.83
2024-10-28 07:53:46,68646.09,25.83
2024-10-28 07:54:49,68646.09,100.0
2024-10-28 07:55:50,68650.28,100.0
2024-10-28 07:56:50,68652.7,100.0
2024-10-28 07:57:51,68652.9,100.0
2024-10-28 07:58:51,68652.9,100.0
2024-10-28 07:59:49,68652.9,100.0
2024-10-28 08:00:50,68654.02,100.0
2024-10-28 08:01:53,68654.02,100.0
2024-10-28 08:02:53,68654.02,100.0
2024-10-28 08:03:52,68654.02,100.0
2024-10-28 08:04:54,68654.02,100.0
2024-10-28 08:05:55,68767.27,100.0
2024-10-28 08:06:56,68730.49,76.72
2024-10-28 08:07:58,68692.03,61.69
2024-10-28 08:08:59,68620.13,45.16
2024-10-28 08:09:58,68611.37,42.87
2024-10-28 08:10:57,68611.37,42.36
2024-10-28 08:11:58,68600.0,40.61
2024-10-28 08:12:56,68600.0,40.61
2024-10-28 08:13:55,68600.06,40.62
2024-10-28 08:14:55,68600.06,40.38
2024-10-28 08:15:57,68600.06,40.38
2024-10-28 08:16:55,68600.06,40.38
2024-10-28 08:17:54,68800.0,65.19
2024-10-28 08:18:54,68800.0,65.19
2024-10-28 08:19:55,68799.0,54.31
2024-10-28 08:20:54,68708.18,47.36
2024-10-28 08:21:56,68800.0,61.35
2024-10-28 08:22:54,68800.0,72.27
2024-10-28 08:23:55,68800.0,73.88
2024-10-28 08:24:56,68800.0,73.88
2024-10-28 08:25:58,68800.0,76.07
2024-10-28 08:26:58,68723.64,63.44
2024-10-28 08:28:00,68723.64,63.43
2024-10-28 08:29:02,68800.0,68.64
2024-10-28 08:30:01,68800.0,68.64
2024-10-28 08:31:01,68800.0,68.64
2024-10-28 08:32:00,68722.83,40.67
2024-10-28 08:32:59,68800.0,50.0
2024-10-28 08:33:27,68801.79,50.2
2024-10-28 08:33:58,68820.87,52.14
2024-10-28 08:34:28,68831.78,53.42
2024-10-28 08:35:00,68855.92,66.24
2024-10-28 08:35:27,68999.99,65.62
2024-10-28 08:36:00,69000.0,69.72
2024-10-28 08:36:26,69000.25,65.53
2024-10-28 08:37:01,68912.56,59.47
2024-10-28 08:37:25,68912.69,57.7
2024-10-28 08:38:03,68898.62,58.1
2024-10-28 08:38:28,68898.61,56.61
2024-10-28 08:39:01,68898.64,58.11
2024-10-28 08:39:28,68762.19,47.86
2024-10-28 08:40:01,68841.13,53.09
2024-10-28 08:40:29,68817.21,50.92
2024-10-28 08:41:03,68954.87,66.44
2024-10-28 08:41:31,68885.64,58.71
2024-10-28 08:42:03,68885.63,60.48
2024-10-28 08:42:33,68885.63,55.02
2024-10-28 08:43:02,68885.63,56.15
2024-10-28 08:43:33,68885.63,60.47
2024-10-28 08:44:01,68953.76,60.06
2024-10-28 08:44:33,68953.76,60.01
2024-10-28 08:45:01,68857.69,53.35
2024-10-28 08:45:34,68857.69,53.34
2024-10-28 08:46:02,68857.78,58.61
2024-10-28 08:46:36,68857.78,57.97
2024-10-28 08:47:03,68857.78,54.09
2024-10-28 08:47:37,68827.68,51.72
2024-10-28 08:48:03,68827.68,50.48
2024-10-28 08:48:39,68827.68,49.72
2024-10-28 08:49:04,68827.68,47.92
2024-10-28 08:49:40,68827.68,34.51
2024-10-28 08:50:03,68827.68,33.93
2024-10-28 08:50:40,68827.68,34.48
2024-10-28 08:51:02,68827.68,40.54
2024-10-28 08:51:41,68827.68,40.92
2024-10-28 08:52:03,68827.68,41.84
2024-10-28 08:52:42,68827.68,42.19
2024-10-28 08:53:03,68827.68,41.84
2024-10-28 08:53:43,68827.68,60.3
2024-10-28 08:54:02,68827.68,48.22
2024-10-28 08:54:45,68827.68,51.99
2024-10-28 08:55:02,68827.68,25.88
2024-10-28 08:55:46,68827.66,35.09
2024-10-28 08:56:03,68827.68,35.09
2024-10-28 08:56:47,68827.68,35.1
2024-10-28 08:57:03,68827.68,35.09
2024-10-28 08:57:49,68991.67,64.79
2024-10-28 08:58:02,68823.19,0.07
2024-10-28 08:58:50,68823.19,35.77
2024-10-28 08:59:02,68823.19,0.26
2024-10-28 08:59:50,68945.95,59.09
2024-10-28 09:00:03,68945.95,78.02
2024-10-28 09:00:49,68830.58,47.74
2024-10-28 09:01:04,68830.58,45.01
2024-10-28 09:01:48,68830.58,50.25
2024-10-28 09:02:06,68947.42,66.66
2024-10-28 09:02:50,68947.42,58.71
2024-10-28 09:03:06,68810.34,48.25
2024-10-28 09:03:51,68810.34,48.95
2024-10-28 09:04:08,68810.34,48.25
2024-10-28 09:04:51,68819.26,49.49
2024-10-28 09:05:08,68819.35,49.18
2024-10-28 09:05:51,68819.35,49.5
2024-10-28 09:06:09,68819.4,49.18
2024-10-28 09:06:51,68819.01,49.48
2024-10-28 09:07:11,68819.03,49.15
2024-10-28 09:07:51,68819.02,49.48
2024-10-28 09:08:10,68819.02,49.14
2024-10-28 09:08:53,68819.05,49.48
2024-10-28 09:09:09,68819.05,49.15
2024-10-28 09:09:55,68900.0,53.95
2024-10-28 09:10:07,68970.41,60.86
2024-10-28 09:10:57,68999.99,58.49
2024-10-28 09:11:06,68999.99,62.54
2024-10-28 09:11:58,68900.77,45.22
2024-10-28 09:12:06,68900.77,54.96
2024-10-28 09:13:00,69012.05,60.58
2024-10-28 09:13:06,69012.05,60.57
2024-10-28 09:14:02,69019.6,54.74
2024-10-28 09:14:04,69019.6,54.73
2024-10-28 09:15:01,69019.6,64.27
2024-10-28 09:15:05,69019.6,64.27
2024-10-28 09:16:00,69027.15,64.67
2024-10-28 09:16:03,69027.15,57.21
2024-10-28 09:16:58,68938.01,49.27
2024-10-28 09:17:02,68938.07,62.64
2024-10-28 09:17:58,68938.24,62.66
2024-10-28 09:18:01,69066.97,70.24
2024-10-28 09:18:57,68944.38,62.45
2024-10-28 09:19:02,68944.38,58.36
2024-10-28 09:19:56,68944.38,62.44
2024-10-28 09:20:00,68944.38,58.36
2024-10-28 09:20:58,68944.42,62.49
2024-10-28 09:21:01,68944.42,58.39
2024-10-28 09:21:59,69029.33,67.91
2024-10-28 09:21:59,69029.33,62.64
2024-10-28 09:22:58,68833.3,50.91
2024-10-28 09:22:59,68833.3,50.69
2024-10-28 09:23:57,68833.3,45.25
2024-10-28 09:24:01,68833.3,42.18
2024-10-28 09:24:59,68833.3,36.16
2024-10-28 09:25:01,68833.3,40.16
2024-10-28 09:26:01,68833.3,43.29
2024-10-28 09:26:01,68833.3,45.49
2024-10-28 09:27:02,68961.99,46.73
2024-10-28 09:27:03,68961.99,45.19
2024-10-28 09:28:01,68981.59,47.56
2024-10-28 09:28:04,68981.59,46.43
2024-10-28 09:29:01,68999.5,48.74
2024-10-28 09:29:04,68999.5,48.17
2024-10-28 09:30:02,68999.5,48.25
2024-10-28 09:30:03,68999.5,47.45
2024-10-28 09:31:00,68798.0,42.22
2024-10-28 09:31:01,68798.0,39.31
2024-10-28 09:32:00,68946.73,43.47
2024-10-28 09:32:02,68946.73,50.53
2024-10-28 09:33:00,68946.73,50.15
2024-10-28 09:33:01,68946.73,50.15
2024-10-28 09:33:58,68964.99,51.26
2024-10-28 09:34:03,68964.99,51.26
2024-10-28 09:34:58,68964.99,51.26
2024-10-28 09:35:04,68964.99,51.26
2024-10-28 09:35:58,68999.49,48.05
2024-10-28 09:36:04,68999.5,48.05
2024-10-28 09:37:00,68999.5,64.6
2024-10-28 09:37:03,68999.5,64.6
2024-10-28 09:38:01,68999.5,64.6
2024-10-28 09:38:01,68999.5,64.6
2024-10-28 09:39:01,68730.92,43.89
2024-10-28 09:39:02,68730.92,43.89
2024-10-28 09:39:59,68871.71,51.96
2024-10-28 09:40:01,68871.71,51.96
2024-10-28 09:40:59,68983.99,51.14
2024-10-28 09:41:02,68983.99,51.14
2024-10-28 09:41:57,68891.72,45.66
2024-10-28 09:42:03,68999.5,50.93
2024-10-28 09:42:58,68999.49,50.0
2024-10-28 09:43:03,68999.49,50.0
2024-10-28 09:43:57,68982.83,49.27
2024-10-28 09:44:02,68982.83,49.13
2024-10-28 09:44:56,68988.69,60.08
2024-10-28 09:45:03,68988.69,62.53
2024-10-28 09:45:55,69017.81,54.3
2024-10-28 09:46:04,69019.4,55.65
2024-10-28 09:46:55,69211.86,62.99
2024-10-28 09:47:04,69100.01,60.59
2024-10-28 09:47:53,69100.02,56.06
2024-10-28 09:48:05,69226.71,65.72
2024-10-28 09:48:53,69100.1,56.07
2024-10-28 09:49:05,69100.1,57.05
2024-10-28 09:49:55,69100.15,54.66
2024-10-28 09:50:05,69100.17,55.45
2024-10-28 09:50:54,68976.51,49.04
2024-10-28 09:51:04,69146.9,57.59
2024-10-28 09:51:54,68976.72,49.05
2024-10-28 09:52:06,69086.02,54.19
2024-10-28 09:52:53,69026.92,65.03
2024-10-28 09:53:06,69046.9,69.69
2024-10-28 09:53:54,69087.41,61.92
2024-10-28 09:54:04,69085.98,65.29
2024-10-28 09:54:54,68944.95,47.91
2024-10-28 09:55:03,68944.95,47.32
2024-10-28 09:55:55,69008.55,56.45
2024-10-28 09:56:01,69008.55,50.58
2024-10-28 09:56:55,69008.49,50.56
2024-10-28 09:57:03,69008.49,50.58
2024-10-28 09:57:57,68847.61,42.83
2024-10-28 09:58:02,68847.61,42.67
2024-10-28 09:58:58,68828.91,41.64
2024-10-28 09:59:02,68828.91,41.45
2024-10-28 09:59:57,68802.8,38.71
2024-10-28 10:00:01,68802.8,38.36
2024-10-28 10:00:58,68687.27,19.98
2024-10-28 10:01:01,68687.27,28.62
2024-10-28 10:01:58,68674.61,22.54
2024-10-28 10:02:02,68674.61,17.56
2024-10-28 10:02:59,68832.11,35.62
2024-10-28 10:03:02,68832.11,34.81
2024-10-28 10:03:59,68674.65,30.47
2024-10-28 10:04:02,68674.65,29.53
2024-10-28 10:04:58,68674.68,34.38
2024-10-28 10:05:04,68674.68,26.21
2024-10-28 10:05:57,68821.83,43.04
2024-10-28 10:06:03,68821.83,37.76
2024-10-28 10:06:58,68917.96,45.3
2024-10-28 10:07:03,68917.96,44.32
2024-10-28 10:08:00,68917.96,42.29
2024-10-28 10:08:03,68917.96,42.34
2024-10-28 10:09:01,68859.39,45.78
2024-10-28 10:09:03,68859.39,45.78
2024-10-28 10:09:59,69088.9,53.4
2024-10-28 10:10:03,69088.9,53.4
2024-10-28 10:10:58,69056.72,51.99
2024-10-28 10:11:04,69056.72,51.99
2024-10-28 10:11:57,69055.76,59.89
2024-10-28 10:12:03,69055.76,59.89
2024-10-28 10:12:56,69055.76,60.97
2024-10-28 10:13:02,68908.36,53.36
2024-10-28 10:13:56,68908.36,54.57
2024-10-28 10:14:00,68908.36,54.57
2024-10-28 10:14:56,68908.36,60.63
2024-10-28 10:15:02,68908.36,60.63
2024-10-28 10:15:57,69070.89,66.66
2024-10-28 10:16:01,69070.89,66.66
2024-10-28 10:16:58,69070.89,61.57
2024-10-28 10:16:59,69070.89,61.57
2024-10-28 10:17:56,69070.89,72.66
2024-10-28 10:18:01,69070.89,72.66
2024-10-28 10:18:56,69070.89,72.66
2024-10-28 10:19:02,69070.89,72.66
2024-10-28 10:19:56,69070.89,67.12
2024-10-28 10:20:01,69070.89,67.12
2024-10-28 10:20:55,68831.0,45.01
2024-10-28 10:20:59,68831.0,45.01
2024-10-28 10:21:57,68850.28,46.2
2024-10-28 10:21:58,68850.28,46.2
2024-10-28 10:22:57,68850.64,49.47
2024-10-28 10:23:00,68850.64,49.47
2024-10-28 10:23:56,68850.72,30.24
2024-10-28 10:24:00,68980.29,42.58
2024-10-28 10:24:56,68850.73,31.95
2024-10-28 10:25:01,68850.73,37.59
2024-10-28 10:25:57,68850.89,32.02
2024-10-28 10:25:59,68850.89,37.64
2024-10-28 10:26:57,68900.0,37.41
2024-10-28 10:27:01,68812.58,43.35
2024-10-28 10:27:56,68812.58,41.43
2024-10-28 10:28:00,68812.58,43.35
2024-10-28 10:28:55,68812.58,41.43
2024-10-28 10:28:59,68812.58,43.35
2024-10-28 10:29:54,68812.58,17.41
2024-10-28 10:30:00,68812.58,26.82
2024-10-28 10:30:56,68775.15,15.91
2024-10-28 10:31:02,68775.15,25.13
2024-10-28 10:31:55,68775.15,15.91
2024-10-28 10:32:04,68775.15,25.13
2024-10-28 10:32:54,68775.15,15.91
2024-10-28 10:33:04,68775.15,25.13
2024-10-28 10:33:55,68775.15,15.91
2024-10-28 10:34:05,68711.83,22.71
2024-10-28 10:34:56,68844.56,52.58
2024-10-28 10:35:07,68706.43,35.29
2024-10-28 10:35:58,68706.43,31.18
2024-10-28 10:36:08,68706.43,32.21
2024-10-28 10:36:56,68842.8,49.24
2024-10-28 10:37:09,68842.8,49.27
2024-10-28 10:37:56,68842.8,49.24
2024-10-28 10:38:08,68842.8,33.26
2024-10-28 10:38:58,68892.93,53.71
2024-10-28 10:39:10,68892.93,56.37
2024-10-28 10:40:00,68890.61,53.48
2024-10-28 10:40:09,68889.25,55.73
2024-10-28 10:40:58,68888.93,48.94
2024-10-28 10:41:08,68888.93,62.87
2024-10-28 10:41:58,68888.06,58.65
2024-10-28 10:42:08,68888.06,62.68
2024-10-28 10:42:57,68888.06,58.65
2024-10-28 10:43:09,68893.29,63.33
2024-10-28 10:43:56,68906.31,60.31
2024-10-28 10:44:09,68906.31,64.84
2024-10-28 10:44:55,68903.86,65.34
2024-10-28 10:45:10,68917.99,74.63
2024-10-28 10:45:57,68967.03,69.87
2024-10-28 10:46:10,68967.03,78.3
2024-10-28 10:46:58,68967.03,69.87
2024-10-28 10:47:11,68967.03,78.3
2024-10-28 10:47:56,68967.03,69.87
2024-10-28 10:48:13,68967.03,96.28
2024-10-28 10:48:57,68970.4,65.1
2024-10-28 10:49:13,68970.4,98.22
2024-10-28 10:49:56,68970.41,97.37
2024-10-28 10:50:14,68970.41,98.22
2024-10-28 10:50:58,68840.9,49.65
2024-10-28 10:51:15,68840.9,49.64
2024-10-28 10:51:56,69026.78,70.1
2024-10-28 10:52:14,69026.78,70.32
2024-10-28 10:52:57,68998.86,62.16
2024-10-28 10:53:16,68998.86,62.3
2024-10-28 10:53:57,68998.86,62.5
2024-10-28 10:54:17,68998.86,62.84
2024-10-28 10:54:57,68998.86,62.74
2024-10-28 10:55:17,68870.24,48.32
2024-10-28 10:55:58,68870.24,48.41
2024-10-28 10:56:19,68870.24,48.39
2024-10-28 10:56:58,68991.8,57.62
2024-10-28 10:57:19,68991.8,57.34
2024-10-28 10:57:57,68992.14,56.47
2024-10-28 10:58:20,68992.14,56.52
2024-10-28 10:58:57,68992.14,56.68
2024-10-28 10:59:22,68992.14,55.74
2024-10-28 10:59:56,68992.14,52.1
2024-10-28 11:00:21,68992.14,52.1
2024-10-28 11:00:54,68992.14,52.1
2024-10-28 11:01:20,68881.27,43.94
2024-10-28 11:01:56,68875.12,43.57
2024-10-28 11:02:21,68716.9,35.67
2024-10-28 11:02:55,68866.59,42.78
2024-10-28 11:03:22,68781.99,39.92
2024-10-28 11:03:57,68776.8,38.04
2024-10-28 11:04:21,68774.18,39.58
2024-10-28 11:04:57,68772.79,45.02
2024-10-28 11:05:22,68772.79,45.82
2024-10-28 11:05:56,68772.79,24.49
2024-10-28 11:06:21,68770.01,29.65
2024-10-28 11:06:57,68770.01,25.79
2024-10-28 11:07:21,68770.01,31.02
2024-10-28 11:07:57,68770.01,25.79
2024-10-28 11:08:20,68770.01,31.02
2024-10-28 11:08:57,68765.76,25.56
2024-10-28 11:09:19,68700.0,34.36
2024-10-28 11:09:56,68630.95,25.23
2024-10-28 11:10:17,68630.95,30.49
2024-10-28 11:10:56,68630.99,0.11
2024-10-28 11:11:16,68630.99,13.31
2024-10-28 11:11:55,68700.0,16.05
2024-10-28 11:12:17,68700.0,23.94
2024-10-28 11:12:56,68699.99,16.05
2024-10-28 11:13:18,68700.0,23.94
2024-10-28 11:13:56,68700.0,16.05
2024-10-28 11:14:17,68700.0,23.94
2024-10-28 11:14:55,68700.0,16.05
2024-10-28 11:15:16,68699.96,29.84
2024-10-28 11:15:57,68630.95,18.06
2024-10-28 11:16:15,68699.96,47.03
2024-10-28 11:16:58,68699.96,31.18
2024-10-28 11:17:14,68699.96,31.37
2024-10-28 11:18:00,68630.96,32.72
2024-10-28 11:18:15,68650.0,26.33
2024-10-28 11:19:01,68650.0,35.95
2024-10-28 11:19:16,68630.95,24.67
2024-10-28 11:20:00,68629.53,34.34
2024-10-28 11:20:17,68590.19,21.72
2024-10-28 11:21:02,68568.33,30.45
2024-10-28 11:21:16,68568.33,20.32
2024-10-28 11:22:02,68568.33,30.45
2024-10-28 11:22:18,68645.32,35.04
2024-10-28 11:23:04,68623.69,37.47
2024-10-28 11:23:17,68623.69,39.64
2024-10-28 11:24:04,68623.31,49.12
2024-10-28 11:24:17,68547.9,38.93
2024-10-28 11:25:05,68500.04,38.22
2024-10-28 11:25:17,68623.13,49.13
2024-10-28 11:26:04,68622.77,43.66
2024-10-28 11:26:17,68622.56,39.86
2024-10-28 11:27:05,68622.45,43.64
2024-10-28 11:27:16,68622.45,39.85
2024-10-28 11:28:07,68615.8,43.17
2024-10-28 11:28:17,68615.8,39.17
2024-10-28 11:29:07,68615.8,43.17
2024-10-28 11:29:17,68615.8,39.17
2024-10-28 11:30:05,68615.8,48.62
2024-10-28 11:30:16,68612.27,38.82
2024-10-28 11:31:05,68612.27,40.9
2024-10-28 11:31:17,68612.27,38.82
